customer_id,first_name,last_name,email,phone_number,address,city,country,postal_code,registration_date
1,John,Doe,johndoe@example.com,123-456-7890,123 Main St,New York,USA,10001,2022-01-01
2,Jane,Smith,janesmith@example.com,456-789-0123,456 Elm St,Los Angeles,USA,90001,2022-01-02
3,Michael,Johnson,michaeljohnson@example.com,789-012-3456,789 Oak St,Chicago,USA,60601,2022-01-03
4,Emily,Brown,emilybrown@example.com,012-345-6789,1010 Pine St,San Francisco,USA,94102,2022-01-04
5,William,Wilson,williamwilson@example.com,345-678-9012,111 Maple St,Boston,USA,02108,2022-01-05
6,Sophia,Taylor,sophiataylor@example.com,678-901-2345,222 Cedar St,Miami,USA,33101,2022-01-06
7,Alexander,Lee,alexanderlee@example.com,901-234-5678,333 Walnut St,Seattle,USA,98101,2022-01-07
8,Olivia,Moore,oliviamoore@example.com,234-567-8901,444 Cherry St,Dallas,USA,75201,2022-01-08
9,Daniel,Jones,danieljones@example.com,567-890-1234,555 Birch St,Philadelphia,USA,19102,2022-01-09
10,Isabella,Jackson,isabellajackson@example.com,890-123-4567,666 Oakwood St,Atlanta,USA,30301,2022-01-10
11,Ethan,Harris,ethanharris@example.com,123-456-7890,777 Pinecrest Dr,Phoenix,USA,85001,2022-01-11
12,Mia,Martin,miamartin@example.com,456-789-0123,888 Elmwood Dr,Houston,USA,77001,2022-01-12
13,Aiden,Thompson,aidenthompson@example.com,789-012-3456,999 Maplewood Dr,Detroit,USA,48201,2022-01-13
14,Emma,Garcia,emmagarcia@example.com,012-345-6789,1010 Birchwood Dr,Denver,USA,80202,2022-01-14
15,Samuel,Martinez,samuelmartinez@example.com,345-678-9012,1111 Oakridge Dr,San Diego,USA,92101,2022-01-15
16,Charlotte,Hernandez,charlottehernandez@example.com,678-901-2345,1212 Pine Ridge Dr,Baltimore,USA,21201,2022-01-16
17,Lucas,Young,lucasyoung@example.com,901-234-5678,1313 Cedar Ridge Dr,Minneapolis,USA,55401,2022-01-17
18,Sofia,King,sofiaking@example.com,234-567-8901,1414 Elm Ridge Dr,Tampa,USA,33601,2022-01-18
19,Avery,Scott,averyscott@example.com,567-890-1234,1515 Maple Ridge Dr,Portland,USA,97201,2022-01-19
20,Amelia,Lopez,amelialopez@example.com,890-123-4567,1616 Oak Hill Dr,Cleveland,USA,44101,2022-01-20
21,Logan,Hill,loganhill@example.com,123-456-7890,1717 Pine Hill Dr,Orlando,USA,32801,2022-01-21
22,Chloe,Gonzalez,chloegonzalez@example.com,456-789-0123,1818 Cedar Hill Dr,Pittsburgh,USA,15201,2022-01-22
23,Mason,Perez,masonperez@example.com,789-012-3456,1919 Elm Hill Dr,Indianapolis,USA,46201,2022-01-23
24,Harper,Ramirez,harperramirez@example.com,012-345-6789,2020 Maple Hill Dr,Charlotte,USA,28201,2022-01-24
25,Grace,Baker,gracebaker@example.com,345-678-9012,2121 Oak Hillside Dr,San Jose,USA,95101,2022-01-25
26,Zoey,Cook,zoeycook@example.com,678-901-2345,2222 Pine Hillside Dr,Oklahoma City,USA,73101,2022-01-26
27,Elijah,Bell,elijahbell@example.com,901-234-5678,2323 Cedar Hillside Dr,Milwaukee,USA,53201,2022-01-27
28,Lily,Bailey,lilybailey@example.com,234-567-8901,2424 Elmwood Hillside Dr,Honolulu,USA,96801,2022-01-28
29,Gabriel,Rivera,gabrielrivera@example.com,567-890-1234,2525 Maplewood Hillside Dr,Louisville,USA,40201,2022-01-29
30,Madison,Ward,madisonward@example.com,890-123-4567,2626 Oak Ridge Hillside Dr,Salt Lake City,USA,84101,2022-01-30
31,Jackson,Carter,jacksoncarter@example.com,123-456-7890,2727 Pine Ridge Hillside Dr,Raleigh,USA,27601,2022-01-31
32,Ryan,Perez,ryanperez@example.com,456-789-0123,2828 Cedar Ridge Hillside Dr,Memphis,USA,38101,2022-02-01
33,Adam,Foster,adamfoster@example.com,789-012-3456,2929 Elm Ridge Hillside Dr,New Orleans,USA,70112,2022-02-02
34,Natalie,Gonzalez,nataliegonzalez@example.com,012-345-6789,3030 Maple Ridge Hillside Dr,St. Louis,USA,63101,2022-02-03
35,Levi,Long,levilong@example.com,345-678-9012,3131 Oak Hill Hillside Dr,Cincinnati,USA,45201,2022-02-04
36,Elizabeth,Wright,elizabethwright@example.com,678-901-2345,3232 Pine Hill Hillside Dr,Kansas City,USA,64101,2022-02-05
37,James,Watson,jameswatson@example.com,901-234-5678,3333 Cedar Hill Hillside Dr,Hartford,USA,06101,2022-02-06
38,David,Brooks,davidbrooks@example.com,234-567-8901,3434 Elm Hill Hillside Dr,Albuquerque,USA,87101,2022-02-07
39,Audrey,Price,audreyprice@example.com,567-890-1234,3535 Maple Hill Hillside Dr,Boise,USA,83701,2022-02-08
40,Anthony,Wood,anthonywood@example.com,890-123-4567,3636 Oak Ridge Hillside Dr,Anchorage,USA,99501,2022-02-09
41,Addison,Flores,addisonflores@example.com,123-456-7890,3737 Pine Ridge Hillside Dr,Des Moines,USA,50301,2022-02-10
42,Victoria,Ross,viaross@example.com,456-789-0123,3838 Cedar Ridge Hillside Dr,Birmingham,USA,35201,2022-02-11
43,Christopher,Hall,christopherhall@example.com,789-012-3456,3939 Elm Ridge Hillside Dr,Fresno,USA,93701,2022-02-12
44,Penelope,Sanchez,penelopesanchez@example.com,012-345-6789,4040 Maple Ridge Hillside Dr,Honolulu,USA,96801,2022-02-13
45,Nicholas,Peterson,nicholaspeterson@example.com,345-678-9012,4141 Oak Hill Hillside Dr,Portland,USA,97201,2022-02-14
46,Aubrey,Gray,aubreygray@example.com,678-901-2345,4242 Pine Hill Hillside Dr,Cleveland,USA,44101,2022-02-15
47,Paige,James,paigejames@example.com,901-234-5678,4343 Cedar Hill Hillside Dr,Orlando,USA,32801,2022-02-16
48,Dylan,Russell,dylanrussell@example.com,234-567-8901,4444 Elm Hill Hillside Dr,Pittsburgh,USA,15201,2022-02-17
49,Skylar,Hayes,skylarhayes@example.com,567-890-1234,4545 Maple Hill Hillside Dr,Indianapolis,USA,46201,2022-02-18
50,Caroline,Kelly,carolinekelly@example.com,890-123-4567,4646 Oak Ridge Hillside Dr,Charlotte,USA,28201,2022-02-19
51,Nolan,Butler,nolanbutler@example.com,123-456-7890,4747 Pine Ridge Hillside Dr,San Jose,USA,95101,2022-02-20
52,Riley,Barnes,rileybarnes@example.com,456-789-0123,4848 Oak Hillside Dr,Oklahoma City,USA,73101,2022-02-21
53,Hannah,Hamilton,hannahhamilton@example.com,789-012-3456,4949 Pine Hillside Dr,Milwaukee,USA,53201,2022-02-22
54,Jack,Simmons,jacksimmons@example.com,012-345-6789,5050 Cedar Hillside Dr,Honolulu,USA,96801,2022-02-23
55,Connor,West,connorwest@example.com,345-678-9012,5151 Elmwood Hillside Dr,Louisville,USA,40201,2022-02-24
56,Adeline,Price,adelineprice@example.com,678-901-2345,5252 Maplewood Hillside Dr,Salt Lake City,USA,84101,2022-02-25
57,Julian,Foster,julianfoster@example.com,901-234-5678,5353 Oak Ridge Hillside Dr,Raleigh,USA,27601,2022-02-26
58,Leah,Flores,leahflores@example.com,234-567-8901,5454 Pine Ridge Hillside Dr,Memphis,USA,38101,2022-02-27
59,Grace,Washington,gracewashington@example.com,567-890-1234,5555 Cedar Ridge Hillside Dr,New Orleans,USA,70112,2022-02-28
60,Eli,Ortiz,eliortiz@example.com,890-123-4567,5656 Elm Ridge Hillside Dr,St. Louis,USA,63101,2022-03-01
61,Morgan,Bennett,morganbennett@example.com,123-456-7890,5757 Maple Ridge Hillside Dr,Cincinnati,USA,45201,2022-03-02
62,Lincoln,Alvarez,lincolnalvarez@example.com,456-789-0123,5858 Oak Hill Hillside Dr,Kansas City,USA,64101,2022-03-03
63,Lillian,Collins,lilliancollins@example.com,789-012-3456,5959 Pine Hill Hillside Dr,Hartford,USA,06101,2022-03-04
64,Kylie,Hughes,kyliehughes@example.com,012-345-6789,6060 Cedar Hill Hillside Dr,Albuquerque,USA,87101,2022-03-05
65,Thomas,Ferguson,thomasferguson@example.com,345-678-9012,6161 Elm Hill Hillside Dr,Boise,USA,83701,2022-03-06
66,Liam,Roberts,liamroberts@example.com,678-901-2345,6262 Maple Hill Hillside Dr,Anchorage,USA,99501,2022-03-07
67,Savannah,Chavez,savannahchavez@example.com,901-234-5678,6363 Oak Ridge Hillside Dr,Des Moines,USA,50301,2022-03-08
68,Brayden,Kelly,braydenkelly@example.com,234-567-8901,6464 Pine Ridge Hillside Dr,Birmingham,USA,35201,2022-03-09
69,Lucy,Gibson,lucygibson@example.com,567-890-1234,6565 Cedar Ridge Hillside Dr,Fresno,USA,93701,2022-03-10
70,Caleb,Bryant,calebbryant@example.com,890-123-4567,6666 Elm Ridge Hillside Dr,Honolulu,USA,96801,2022-03-11
71,Anna,Harrison,annaharrison@example.com,123-456-7890,6767 Maple Ridge Hillside Dr,Portland,USA,97201,2022-03-12
72,Grayson,Hudson,graysonhudson@example.com,456-789-0123,6868 Oak Hill Hillside Dr,Cleveland,USA,44101,2022-03-13
73,Eleanor,Matthews,eleanormatthews@example.com,789-012-3456,6969 Pine Hill Hillside Dr,Orlando,USA,32801,2022-03-14
74,Dominic,Fuller,dominicfuller@example.com,012-345-6789,7070 Cedar Hill Hillside Dr,Pittsburgh,USA,15201,2022-03-15
75,Peyton,Weaver,peytonweaver@example.com,345-678-9012,7171 Elm Hill Hillside Dr,Indianapolis,USA,46201,2022-03-16
76,Violet,Williamson,violetwilliamson@example.com,678-901-2345,7272 Maple Hill Hillside Dr,Charlotte,USA,28201,2022-03-17
77,Jordan,Hawkins,jordanhawkins@example.com,901-234-5678,7373 Oak Ridge Hillside Dr,San Jose,USA,95101,2022-03-18
78,Isaac,Reyes,isaacreyes@example.com,234-567-8901,7474 Pine Ridge Hillside Dr,Oklahoma City,USA,73101,2022-03-19
79,Lucia,Page,luciapage@example.com,567-890-1234,7575 Cedar Hill Hillside Dr,Milwaukee,USA,53201,2022-03-20
80,Carson,McDonald,carsonmcdonald@example.com,890-123-4567,7676 Elm Ridge Hillside Dr,Honolulu,USA,96801,2022-03-21
81,Ella,Vargas,ellavargas@example.com,123-456-7890,7777 Maple Ridge Hillside Dr,Louisville,USA,40201,2022-03-22
82,Jacob,Andrade,jacobandrade@example.com,456-789-0123,7878 Oak Hill Hillside Dr,Salt Lake City,USA,84101,2022-03-23
83,Audrey,Mckinney,audreymckinney@example.com,789-012-3456,7979 Pine Hill Hillside Dr,Raleigh,USA,27601,2022-03-24
84,Aria,Maynard,ariamaynard@example.com,012-345-6789,8080 Cedar Hill Hillside Dr,Memphis,USA,38101,2022-03-25
85,Henry,Yates,henryyates@example.com,345-678-9012,8181 Elm Ridge Hillside Dr,New Orleans,USA,70112,2022-03-26
86,Mateo,Winters,mateowinters@example.com,678-901-2345,8282 Maple Ridge Hillside Dr,St. Louis,USA,63101,2022-03-27
87,Emilia,Hurst,emiliahurst@example.com,901-234-5678,8383 Oak Hill Hillside Dr,Cincinnati,USA,45201,2022-03-28
88,Brooklyn,Leblanc,brooklynleblanc@example.com,234-567-8901,8484 Pine Hill Hillside Dr,Kansas City,USA,64101,2022-03-29
89,Matias,Bullock,matiasbullock@example.com,567-890-1234,8585 Cedar Hill Hillside Dr,Hartford,USA,06101,2022-03-30
90,Emery,Lewis,emerylewis@example.com,890-123-4567,8686 Elm Hill Hillside Dr,Albuquerque,USA,87101,2022-03-31
91,Elena,Buckley,elenabuckley@example.com,123-456-7890,8787 Maple Hill Hillside Dr,Boise,USA,83701,2022-04-01
92,Axel,Lawrence,axellawrence@example.com,456-789-0123,8888 Oak Ridge Hillside Dr,Anchorage,USA,99501,2022-04-02
93,Clara,Hall,clarahall@example.com,789-012-3456,8989 Pine Ridge Hillside Dr,Des Moines,USA,50301,2022-04-03
94,Cameron,Montgomery,cameronmontgomery@example.com,012-345-6789,9090 Cedar Ridge Hillside Dr,Birmingham,USA,35201,2022-04-04
95,Israel,Herring,israelherring@example.com,345-678-9012,9191 Elm Ridge Hillside Dr,Fresno,USA,93701,2022-04-05
96,Autumn,Salas,autumnsalas@example.com,678-901-2345,9292 Maple Ridge Hillside Dr,Honolulu,USA,96801,2022-04-06
97,Cora,Winters,corawinters@example.com,901-234-5678,9393 Oak Hill Hillside Dr,Portland,USA,97201,2022-04-07
98,Emmett,Church,emmettchurch@example.com,234-567-8901,9494 Pine Hill Hillside Dr,Cleveland,USA,44101,2022-04-08
99,Finn,Burgess,finnburgess@example.com,567-890-1234,9595 Cedar Hill Hillside Dr,Orlando,USA,32801,2022-04-09
100,Brielle,Brock,briellebrock@example.com,890-123-4567,9696 Elm Ridge Hillside Dr,Pittsburgh,USA,15201,2022-04-10
101,June,Barrett,junebarrett@example.com,123-456-7890,9797 Maple Ridge Hillside Dr,Indianapolis,USA,46201,2022-04-11
102,Paxton,Oconnor,paxtonoconnor@example.com,456-789-0123,9898 Oak Ridge Hillside Dr,Charlotte,USA,28201,2022-04-12
103,Phoenix,Mcintosh,phoenixmcintosh@example.com,789-012-3456,9999 Pine Ridge Hillside Dr,San Jose,USA,95101,2022-04-13
104,Skyler,Trujillo,skylertrujillo@example.com,012-345-6789,1010 Cedar Ridge Hillside Dr,Oklahoma City,USA,73101,2022-04-14
105,Kinsley,McCullough,kinsleymccullough@example.com,345-678-9012,1111 Elm Hill Hillside Dr,Milwaukee,USA,53201,2022-04-15
106,Weston,Valenzuela,westonvalenzuela@example.com,678-901-2345,1212 Maple Hill Hillside Dr,Honolulu,USA,96801,2022-04-16
107,Gracie,Henry,graciehenry@example.com,901-234-5678,1313 Oak Ridge Hillside Dr,Portland,USA,97201,2022-04-17
108,Jude,Mcguire,judemcguire@example.com,234-567-8901,1414 Pine Hill Hillside Dr,Cleveland,USA,44101,2022-04-18
109,Madelyn,Bender,madelynbender@example.com,567-890-1234,1515 Cedar Hill Hillside Dr,Orlando,USA,32801,2022-04-19
110,Jaxon,Hinton,jaxonhinton@example.com,890-123-4567,1616 Elm Ridge Hillside Dr,Pittsburgh,USA,15201,2022-04-20
111,Kamila,Hess,kamilahess@example.com,123-456-7890,1717 Maple Ridge Hillside Dr,Indianapolis,USA,46201,2022-04-21
112,Benson,Woodward,bensonwoodward@example.com,456-789-0123,1818 Oak Ridge Hillside Dr,Charlotte,USA,28201,2022-04-22
113,Ruby,Whitaker,rubywhitaker@example.com,789-012-3456,1919 Pine Ridge Hillside Dr,San Jose,USA,95101,2022-04-23
114,Elias,Winters,eliaswinters@example.com,012-345-6789,2020 Cedar Ridge Hillside Dr,Oklahoma City,USA,73101,2022-04-24
115,Jamie,Knapp,jamieknapp@example.com,345-678-9012,2121 Elm Hill Hillside Dr,Milwaukee,USA,53201,2022-04-25
116,Isabelle,Bullock,isabellebullock@example.com,678-901-2345,2222 Maple Hill Hillside Dr,Honolulu,USA,96801,2022-04-26
117,Avery,Corona,averycorona@example.com,901-234-5678,2323 Oak Ridge Hillside Dr,Portland,USA,97201,2022-04-27
118,Kian,Kramer,kiankramer@example.com,234-567-8901,2424 Pine Hill Hillside Dr,Cleveland,USA,44101,2022-04-28
119,Tessa,Huffman,tessahuffman@example.com,567-890-1234,2525 Cedar Hill Hillside Dr,Orlando,USA,32801,2022-04-29
120,Luca,Lopez,lucalopez@example.com,890-123-4567,2626 Elm Ridge Hillside Dr,Pittsburgh,USA,15201,2022-04-30
121,Kali,Levine,kalilevine@example.com,123-456-7890,2727 Maple Ridge Hillside Dr,Indianapolis,USA,46201,2022-05-01
122,Paul,Harvey,paulharvey@example.com,456-789-0123,2828 Oak Ridge Hillside Dr,Charlotte,USA,28201,2022-05-02
123,Adriana,Paul,adrianapaul@example.com,789-012-3456,2929 Pine Ridge Hillside Dr,San Jose,USA,95101,2022-05-03
124,Arthur,Sweeney,arthursweeney@example.com,012-345-6789,3030 Cedar Ridge Hillside Dr,Oklahoma City,USA,73101,2022-05-04
125,Brooke,Carpenter,brookecarpenter@example.com,345-678-9012,3131 Elm Hill Hillside Dr,Milwaukee,USA,53201,2022-05-05
126,Daniel,Webster,danielwebster@example.com,678-901-2345,3232 Maple Hill Hillside Dr,Honolulu,USA,96801,2022-05-06
127,Juliette,Potter,juliettepotter@example.com,901-234-5678,3333 Oak Ridge Hillside Dr,Portland,USA,97201,2022-05-07
128,Leland,Garner,lelandgarner@example.com,234-567-8901,3434 Pine Hill Hillside Dr,Cleveland,USA,44101,2022-05-08
129,Sara,Lambert,saralambert@example.com,567-890-1234,3535 Cedar Hill Hillside Dr,Orlando,USA,32801,2022-05-09
130,Giovanni,Barrera,giovannibarrera@example.com,890-123-4567,3636 Elm Ridge Hillside Dr,Pittsburgh,USA,15201,2022-05-10
131,Katherine,Mcintosh,katherinemcintosh@example.com,123-456-7890,3737 Maple Ridge Hillside Dr,Indianapolis,USA,46201,2022-05-11
132,Jacob,Cruz,jacobcruz@example.com,456-789-0123,3838 Oak Ridge Hillside Dr,Charlotte,USA,28201,2022-05-12
133,Kennedy,Dominguez,kennedydominguez@example.com,789-012-3456,3939 Pine Ridge Hillside Dr,San Jose,USA,95101,2022-05-13
134,Maya,Beck,maybeck@example.com,012-345-6789,4040 Cedar Ridge Hillside Dr,Oklahoma City,USA,73101,2022-05-14
135,James,Kidd,jameskidd@example.com,345-678-9012,4141 Elm Hill Hillside Dr,Milwaukee,USA,53201,2022-05-15
136,Kaitlyn,Sandoval,kaitlynsandoval@example.com,678-901-2345,4242 Maple Hill Hillside Dr,Honolulu,USA,96801,2022-05-16
137,Garrett,Reilly,garrettreilly@example.com,901-234-5678,4343 Oak Ridge Hillside Dr,Portland,USA,97201,2022-05-17
138,Emerson,Barton,emersonbarton@example.com,234-567-8901,4444 Pine Hill Hillside Dr,Cleveland,USA,44101,2022-05-18
139,Nicole,Beasley,nicolebeasley@example.com,567-890-1234,4545 Cedar Hill Hillside Dr,Orlando,USA,32801,2022-05-19
140,Leo,Drake,leodrake@example.com,890-123-4567,4646 Elm Ridge Hillside Dr,Pittsburgh,USA,15201,2022-05-20
141,Juliana,Callahan,julianacallahan@example.com,123-456-7890,4747 Maple Ridge Hillside Dr,Indianapolis,USA,46201,2022-05-21
142,Jett,Sherman,jettsherman@example.com,456-789-0123,4848 Oak Ridge Hillside Dr,Charlotte,USA,28201,2022-05-22
143,Jaylene,Lloyd,jaylenelloyd@example.com,789-012-3456,4949 Pine Ridge Hillside Dr,San Jose,USA,95101,2022-05-23
144,Cruz,Salazar,cruzsalazar@example.com,012-345-6789,5050 Cedar Ridge Hillside Dr,Oklahoma City,USA,73101,2022-05-24
145,Cecilia,Hammond,ceciliahammond@example.com,345-678-9012,5151 Elm Hill Hillside Dr,Milwaukee,USA,53201,2022-05-25
146,Erik,Blackburn,erikblackburn@example.com,678-901-2345,5252 Maple Hill Hillside Dr,Honolulu,USA,96801,2022-05-26
147,Malia,Barajas,maliabarajas@example.com,901-234-5678,5353 Oak Ridge Hillside Dr,Portland,USA,97201,2022-05-27
148,Eden,Hogan,edenhogan@example.com,234-567-8901,5454 Pine Hill Hillside Dr,Cleveland,USA,44101,2022-05-28
149,Angela,Brandt,angelabrandt@example.com,567-890-1234,5555 Cedar Hill Hillside Dr,Orlando,USA,32801,2022-05-29
150,Maximilian,Riggs,maximilianriggs@example.com,890-123-4567,5656 Elm Ridge Hillside Dr,Pittsburgh,USA,15201,2022-05-30
151,Sadie,Sexton,sadiesexton@example.com,123-456-7890,5757 Maple Ridge Hillside Dr,Indianapolis,USA,46201,2022-05-31
152,Alexander,Blanchard,alexanderblanchard@example.com,456-789-0123,5858 Oak Ridge Hillside Dr,Charlotte,USA,28201,2022-06-01
153,Kai,Lancaster,kailancaster@example.com,789-012-3456,5959 Pine Ridge Hillside Dr,San Jose,USA,95101,2022-06-02
154,Hope,Mcclain,hopemcclain@example.com,012-345-6789,6060 Cedar Ridge Hillside Dr,Oklahoma City,USA,73101,2022-06-03
155,Raul,Morris,raulmorris@example.com,345-678-9012,6161 Elm Hill Hillside Dr,Milwaukee,USA,53201,2022-06-04
156,Kaia,Dickerson,kaiadickerson@example.com,678-901-2345,6262 Maple Hill Hillside Dr,Honolulu,USA,96801,2022-06-05
157,Dean,Cabrera,deancabrera@example.com,901-234-5678,6363 Oak Ridge Hillside Dr,Portland,USA,97201,2022-06-06
158,Sierra,Kane,sierrakane@example.com,234-567-8901,6464 Pine Hill Hillside Dr,Cleveland,USA,44101,2022-06-07
159,Griffin,Wilkerson,griffinwilkerson@example.com,567-890-1234,6565 Cedar Hill Hillside Dr,Orlando,USA,32801,2022-06-08
160,Margaret,Churchill,margaretchurchill@example.com,890-123-4567,6666 Elm Ridge Hillside Dr,Pittsburgh,USA,15201,2022-06-09
161,Luca,Curtis,lucacurtis@example.com,123-456-7890,6767 Maple Ridge Hillside Dr,Indianapolis,USA,46201,2022-06-10
162,Asher,Vazquez,ashervazquez@example.com,456-789-0123,6868 Oak Ridge Hillside Dr,Charlotte,USA,28201,2022-06-11
163,Layla,Short,laylashort@example.com,789-012-3456,6969 Pine Ridge Hillside Dr,San Jose,USA,95101,2022-06-12
164,Gabriela,Carson,gabrielacarson@example.com,012-345-6789,7070 Cedar Ridge Hillside Dr,Oklahoma City,USA,73101,2022-06-13
165,Emilio,Mcfarland,emiliomcfarland@example.com,345-678-9012,7171 Elm Hill Hillside Dr,Milwaukee,USA,53201,2022-06-14
166,Anastasia,Hatfield,anastasiahadfield@example.com,678-901-2345,7272 Maple Hill Hillside Dr,Honolulu,USA,96801,2022-06-15
167,Evander,Harrell,evanderharrell@example.com,901-234-5678,7373 Oak Ridge Hillside Dr,Portland,USA,97201,2022-06-16
168,Makenna,Singleton,makennasingleton@example.com,234-567-8901,7474 Pine Hill Hillside Dr,Cleveland,USA,44101,2022-06-17
169,Clay,Castillo,claycastillo@example.com,567-890-1234,7575 Cedar Hill Hillside Dr,Orlando,USA,32801,2022-06-18
170,Archer,Martinez,archermartinez@example.com,890-123-4567,7676 Elm Ridge Hillside Dr,Pittsburgh,USA,15201,2022-06-19
171,Magnolia,Howe,magnoliahowe@example.com,123-456-7890,7777 Maple Ridge Hillside Dr,Indianapolis,USA,46201,2022-06-20
172,Sullivan,Valentine,sullivanvalentine@example.com,456-789-0123,7878 Oak Ridge Hillside Dr,Charlotte,USA,28201,2022-06-21
173,Sage,Rowland,sagerowland@example.com,789-012-3456,7979 Pine Ridge Hillside Dr,San Jose,USA,95101,2022-06-22
174,Nia,Davidson,niadavidson@example.com,012-345-6789,8080 Cedar Ridge Hillside Dr,Oklahoma City,USA,73101,2022-06-23
175,Brady,Warren,bradywarren@example.com,345-678-9012,8181 Elm Hill Hillside Dr,Milwaukee,USA,53201,2022-06-24
176,Gwendolyn,Friedman,gwendolynfriedman@example.com,678-901-2345,8282 Maple Hill Hillside Dr,Honolulu,USA,96801,2022-06-25
177,Kaiden,Hays,kaidenhays@example.com,901-234-5678,8383 Oak Ridge Hillside Dr,Portland,USA,97201,2022-06-26
178,Dayana,Horne,dayanahorne@example.com,234-567-8901,8484 Pine Hill Hillside Dr,Cleveland,USA,44101,2022-06-27
179,Kieran,Fitzpatrick,kieranfitzpatrick@example.com,567-890-1234,8585 Cedar Hill Hillside Dr,Orlando,USA,32801,2022-06-28
180,Amara,Bowers,amarabowers@example.com,890-123-4567,8686 Elm Ridge Hillside Dr,Pittsburgh,USA,15201,2022-06-29
181,Abel,Benton,abelbenton@example.com,123-456-7890,8787 Maple Ridge Hillside Dr,Indianapolis,USA,46201,2022-06-30
182,Allison,Wiley,allisonwiley@example.com,456-789-0123,8888 Oak Ridge Hillside Dr,Charlotte,USA,28201,2022-07-01
183,Giovanna,Campos,giovannacampos@example.com,789-012-3456,8989 Pine Ridge Hillside Dr,San Jose,USA,95101,2022-07-02
184,Johnny,Yu,johnnyyu@example.com,012-345-6789,9090 Cedar Ridge Hillside Dr,Oklahoma City,USA,73101,2022-07-03
185,Regina,Stein,reginastein@example.com,345-678-9012,9191 Elm Hill Hillside Dr,Milwaukee,USA,53201,2022-07-04
186,Aylin,Potter,aylinpotter@example.com,678-901-2345,9292 Maple Hill Hillside Dr,Honolulu,USA,96801,2022-07-05
187,Alvin,Rice,alvinrice@example.com,901-234-5678,9393 Oak Ridge Hillside Dr,Portland,USA,97201,2022-07-06
188,Samson,Martin,samsonmartin@example.com,234-567-8901,9494 Pine Hill Hillside Dr,Cleveland,USA,44101,2022-07-07
189,Finley,Ferguson,finleyferguson@example.com,567-890-1234,9595 Cedar Hill Hillside Dr,Orlando,USA,32801,2022-07-08
190,Kaydence,Henson,kaydencehenson@example.com,890-123-4567,9696 Elm Ridge Hillside Dr,Pittsburgh,USA,15201,2022-07-09
191,Rylan,Mcguire,rylanmcguire@example.com,123-456-7890,9797 Maple Ridge Hillside Dr,Indianapolis,USA,46201,2022-07-10
192,Toby,Schroeder,tobyschroeder@example.com,456-789-0123,9898 Oak Ridge Hillside Dr,Charlotte,USA,28201,2022-07-11
193,Angelica,Horn,angelicahorn@example.com,789-012-3456,9999 Pine Ridge Hillside Dr,San Jose,USA,95101,2022-07-12
194,Beau,Gibbs,beaugibbs@example.com,012-345-6789,1010 Cedar Ridge Hillside Dr,Oklahoma City,USA,73101,2022-07-13
195,Myla,Yoder,mylayoder@example.com,345-678-9012,1111 Elm Hill Hillside Dr,Milwaukee,USA,53201,2022-07-14
196,Mckinley,Larson,mckinleylarson@example.com,678-901-2345,1212 Maple Hill Hillside Dr,Honolulu,USA,96801,2022-07-15
197,Jerry,Bolton,jerrybolton@example.com,901-234-5678,1313 Oak Ridge Hillside Dr,Portland,USA,97201,2022-07-16
198,Holden,Levine,holdenlevine@example.com,234-567-8901,1414 Pine Hill Hillside Dr,Cleveland,USA,44101,2022-07-17
199,Gabrielle,Shaffer,gabrielleshaffer@example.com,567-890-1234,1515 Cedar Hill Hillside Dr,Orlando,USA,32801,2022-07-18
200,Gunner,Kramer,gunnerkramer@example.com,890-123-4567,1616 Elm Ridge Hillside Dr,Pittsburgh,USA,15201,2022-07-19
